<project description="Vehicle Order App for AutoEdge|TheFactory" name="VehicleOrderApp" openedwith="JS_EDITOR" subsystem="1" system="2" systemTags="1">
<asset compressed="false" id="39695" name="jqueryformextensions" thumbnail_id="-1" type="60"/>
<asset compressed="false" id="39696" name="VehicleOrderService_ShoppingCartService_Settings" thumbnail_id="-1" type="220"/>
<asset compressed="false" id="39697" name="VehicleOrderService_ShoppingCartService_JSDO" thumbnail_id="-1" type="200"/>
<asset compressed="false" id="39698" name="VehicleOrderService_ShoppingCartService_eShoppingCart_Row" thumbnail_id="-1" type="200"/>
<asset compressed="false" id="39699" name="VehicleOrderService_ShoppingCartService_eShoppingCart_Create" thumbnail_id="-1" type="200"/>
<asset compressed="false" id="39700" name="VehicleOrderService_ShoppingCartService_eShoppingCart_Delete" thumbnail_id="-1" type="200"/>
<asset compressed="false" id="39701" name="VehicleOrderService_ShoppingCartService_eShoppingCart_Update" thumbnail_id="-1" type="200"/>
<asset compressed="false" id="39702" name="VehicleOrderService_ShoppingCartService_eShoppingCartOption_Row" thumbnail_id="-1" type="200"/>
<asset compressed="false" id="39703" name="VehicleOrderService_ShoppingCartService_eShoppingCartOption_Create" thumbnail_id="-1" type="200"/>
<asset compressed="false" id="39704" name="VehicleOrderService_ShoppingCartService_eShoppingCartOption_Delete" thumbnail_id="-1" type="200"/>
<asset compressed="false" id="39705" name="VehicleOrderService_ShoppingCartService_eShoppingCartOption_Update" thumbnail_id="-1" type="200"/>
<asset compressed="false" id="39706" name="VehicleOrderService_ShoppingCartService_Read" thumbnail_id="-1" type="200"/>
<asset compressed="false" id="39707" name="VehicleOrderService_ShoppingCartService_CalculateDiscount" thumbnail_id="-1" type="200"/>
<asset compressed="false" id="40396" name="progress" thumbnail_id="-1" type="60"/>
<asset compressed="false" id="40397" name="progress-session" thumbnail_id="-1" type="60"/>
<asset compressed="false" id="41981" name="VehicleOrderService_ShoppingCartService_CaptureOrder" thumbnail_id="-1" type="200"/>
<asset compressed="false" id="39228" name="SecurityTokenService_SecurityTokenService_Settings" thumbnail_id="-1" type="220"/>
<asset compressed="false" id="39229" name="SecurityTokenService_SecurityTokenService_JSDO" thumbnail_id="-1" type="200"/>
<asset compressed="false" id="39230" name="SecurityTokenService_SecurityTokenService_Login" thumbnail_id="-1" type="200"/>
<asset compressed="false" id="39231" name="SecurityTokenService_SecurityTokenService_ValidateSession" thumbnail_id="-1" type="200"/>
<asset compressed="false" id="39232" name="SecurityTokenService_SecurityTokenService_Logout" thumbnail_id="-1" type="200"/>
<asset compressed="false" id="39233" name="dealers" thumbnail_id="-1" type="50"/>
<asset compressed="false" id="39247" name="dateformat" thumbnail_id="-1" type="60"/>
<asset compressed="false" id="39248" name="exterioraccessories" thumbnail_id="-1" type="50"/>
<asset compressed="false" id="39249" name="interioraccessories" thumbnail_id="-1" type="50"/>
<asset compressed="false" id="39250" name="cartitemaction" thumbnail_id="-1" type="50"/>
<asset compressed="true" id="39252" name="cart_100x100.png" thumbnail_id="-1" type="10"/>
<asset compressed="false" id="39253" name="config" thumbnail_id="-1" type="50"/>
<asset compressed="true" id="39254" name="chery_logo_alpha.png" thumbnail_id="-1" type="10"/>
<asset compressed="true" id="39255" name="potomoc_logo.png" thumbnail_id="-1" type="10"/>
<asset compressed="true" id="39256" name="fjord_logo_alpha.png" thumbnail_id="-1" type="10"/>
<asset compressed="true" id="39257" name="hinda_logo_alpha.png" thumbnail_id="-1" type="10"/>
<asset compressed="true" id="39258" name="potomoc_logo_alpha.png" thumbnail_id="-1" type="10"/>
<asset compressed="true" id="39259" name="scubaroo_logo_alpha.png" thumbnail_id="-1" type="10"/>
<asset compressed="true" id="39260" name="toyola_logo_alpha.png" thumbnail_id="-1" type="10"/>
<asset compressed="true" id="39261" name="fjord_logo_alpha.png1359048617755" thumbnail_id="-1" type="10"/>
<asset compressed="true" id="39262" name="autogenerated.crt" thumbnail_id="-1" type="140"/>
<asset compressed="false" id="39263" name="general css" thumbnail_id="-1" type="190"/>
<asset compressed="false" id="39264" name="general css1" thumbnail_id="-1" type="190"/>
<asset compressed="false" id="39265" name="general css2" thumbnail_id="-1" type="190"/>
<asset compressed="false" id="39266" name="general css3" thumbnail_id="-1" type="190"/>
<asset compressed="false" id="39267" name="general css4" thumbnail_id="-1" type="190"/>
<asset compressed="false" id="39268" name="general css5" thumbnail_id="-1" type="190"/>
<asset compressed="false" id="39269" name="general css6" thumbnail_id="-1" type="190"/>
<asset compressed="false" id="39270" name="JSDO" thumbnail_id="-1" type="60"/>
<asset compressed="false" id="39271" name="JSDOCreate" thumbnail_id="-1" type="60"/>
<asset compressed="false" id="39272" name="JSDODelete" thumbnail_id="-1" type="60"/>
<asset compressed="false" id="39273" name="JSDOInvoke" thumbnail_id="-1" type="60"/>
<asset compressed="false" id="39274" name="JSDORead" thumbnail_id="-1" type="60"/>
<asset compressed="false" id="39275" name="JSDOUpdate" thumbnail_id="-1" type="60"/>
<asset compressed="false" id="39276" name="JSDORow" thumbnail_id="-1" type="60"/>
<asset compressed="false" id="39277" name="Project Descriptor-1348" thumbnail_id="-1" type="120"/>
<asset compressed="true" id="39279" name="car_100x100.png" thumbnail_id="-1" type="10"/>
<asset compressed="true" id="39281" name="AutoEdgeFactory420.jpg" thumbnail_id="-1" type="10"/>
<asset compressed="false" id="39282" name="GeolocationService" thumbnail_id="-1" type="150"/>
<asset compressed="false" id="39284" name="styles" thumbnail_id="-1" type="50"/>
<asset compressed="true" id="39285" name="steeringwheel_32x32.png" thumbnail_id="-1" type="10"/>
<asset compressed="true" id="39286" name="store_32x28.png" thumbnail_id="-1" type="10"/>
<asset compressed="false" id="39287" name="aetf" thumbnail_id="-1" type="60"/>
<asset compressed="false" id="39288" name="vehicleorder" thumbnail_id="-1" type="60"/>
<asset compressed="false" id="39289" name="vehicledetail" thumbnail_id="-1" type="50"/>
<asset compressed="false" id="39290" name="home" thumbnail_id="-1" type="50"/>
<asset compressed="false" id="39291" name="cart" thumbnail_id="-1" type="50"/>
<asset compressed="true" id="39292" name="commercial.png" thumbnail_id="-1" type="10"/>
<asset compressed="true" id="39293" name="compact.png" thumbnail_id="-1" type="10"/>
<asset compressed="true" id="39294" name="convertible.png" thumbnail_id="-1" type="10"/>
<asset compressed="true" id="39295" name="coupe.png" thumbnail_id="-1" type="10"/>
<asset compressed="true" id="39296" name="crossover.png" thumbnail_id="-1" type="10"/>
<asset compressed="true" id="39297" name="sedan.png" thumbnail_id="-1" type="10"/>
<asset compressed="true" id="39298" name="suv.png" thumbnail_id="-1" type="10"/>
<asset compressed="true" id="39299" name="truck.png" thumbnail_id="-1" type="10"/>
<asset compressed="false" id="39300" name="processorderresult" thumbnail_id="-1" type="50"/>
<asset compressed="true" id="39301" name="palette_32x25.png" thumbnail_id="-1" type="10"/>
<asset compressed="false" id="39302" name="VehicleOrderService_DealerService_Settings" thumbnail_id="-1" type="220"/>
<asset compressed="false" id="39303" name="VehicleOrderService_DealerService_JSDO" thumbnail_id="-1" type="200"/>
<asset compressed="false" id="39304" name="VehicleOrderService_DealerService_eDealer_Row" thumbnail_id="-1" type="200"/>
<asset compressed="false" id="39305" name="VehicleOrderService_DealerService_eSalesrep_Row" thumbnail_id="-1" type="200"/>
<asset compressed="false" id="39306" name="VehicleOrderService_DealerService_Read" thumbnail_id="-1" type="200"/>
<asset compressed="false" id="39307" name="VehicleOrderService_BrandDataService_Settings" thumbnail_id="-1" type="220"/>
<asset compressed="false" id="39308" name="VehicleOrderService_BrandDataService_JSDO" thumbnail_id="-1" type="200"/>
<asset compressed="false" id="39309" name="VehicleOrderService_BrandDataService_eItem_Row" thumbnail_id="-1" type="200"/>
<asset compressed="false" id="39310" name="VehicleOrderService_BrandDataService_eItemOption_Row" thumbnail_id="-1" type="200"/>
<asset compressed="false" id="39311" name="VehicleOrderService_BrandDataService_eVehicle_Row" thumbnail_id="-1" type="200"/>
<asset compressed="false" id="39312" name="VehicleOrderService_BrandDataService_Read" thumbnail_id="-1" type="200"/>
<asset compressed="false" id="39313" name="accounting" thumbnail_id="-1" type="60"/>
</project>
